Workbook

Sheet Setup
A1: Exam Invigilation Roster – Setup
A2: Yellow cells are for you to edit. Everything else updates automatically.
A3: Exam / Term: | B3: Mid-Term Examination 2026
A5: Session | B5: Start | C5: End | D5: Timing label | F5: Invigilator Pool (names) | H5: Replace the sample names with your staff list (up to 40). The Roster dropdowns read from this list.
A6: Session 1 | B6: 0.39583333 | C6: 0.4375 | D6: =IF(OR(B6="",C6=""),"",TEXT(B6,"h:mm AM/PM")&" – "&TEXT(C6,"h:mm AM/PM")) -> 9:30 AM – 10:30 AM | F6: Dr. Salah Uddin
A7: Session 2 | B7: 0.46527778 | C7: 0.5 | D7: =IF(OR(B7="",C7=""),"",TEXT(B7,"h:mm AM/PM")&" – "&TEXT(C7,"h:mm AM/PM")) -> 11:10 AM – 12:00 PM | F7: Dr. Zulfiqar Ali
A8: Session 3 | B8: 0.52083333 | C8: 13:30:00 PM | D8: =IF(OR(B8="",C8=""),"",TEXT(B8,"h:mm AM/PM")&" – "&TEXT(C8,"h:mm AM/PM")) -> 12:30 PM – 13:30:00 PM | F8: Dr. Gohar Nadeem
A9: Session 4 | B9: 0.625 | C9: 0.66666667 | D9: =IF(OR(B9="",C9=""),"",TEXT(B9,"h:mm AM/PM")&" – "&TEXT(C9,"h:mm AM/PM")) -> 3:00 PM – 4:00 PM | F9: Dr. Muhammad Noor
F10: Sharfuddin
F11: Zahoor Ahmed
A12: Exam Rooms | F12: Shakeel Ahmed
A13: Room 1 | F13: Abdullah Shah
A14: Room 2 | F14: Mustansar Hussain
A15: Room 3 | F15: Syummaya
A16: Room 4 | F16: Syed Hasnain Shah
F17: Javed Ahmed
F18: Mujeeb Ur Rehman
F19: Ghazala Haider

Sheet Roster
A1: =Setup!B3&" – Invigilation Duty Roster" -> Mid-Term Examination 2026 – Invigilation Duty Roster
E3: =Setup!A13 -> Room 1 | G3: =Setup!A14 -> Room 2 | I3: =Setup!A15 -> Room 3 | K3: =Setup!A16 -> Room 4 | M3: Check
A4: Date | B4: Day | C4: Session | D4: Timing | E4: Invigilator 1 | F4: Invigilator 2 | G4: Invigilator 1 | H4: Invigilator 2 | I4: Invigilator 1 | J4: Invigilator 2 | K4: Invigilator 1 | L4: Invigilator 2
A5: 46307 | B5: =IF(A5="","",TEXT(A5,"dddd")) -> Monday | C5: =Setup!$A$6 -> Session 1 | D5: =IF(C5="","",IFERROR(INDEX(Setup!$D$6:$D$9,MATCH(C5,Setup!$A$6:$A$9,0)),"")) -> 9:30 AM – 10:30 AM | E5: Dr. Zulfiqar Ali | F5: Mustansar Hussain | G5: Dr. Gohar Nadeem | H5: Zahoor Ahmed | I5: Dr. Muhammad Noor | J5: Syummaya | K5: Dr. Salah Uddin | L5: Javed Ahmed | M5: =IF(COUNTA(E5:L5)=0,"",IF(COUNTA(E5:L5)<8,"Incomplete",IF(SUMPRODUCT((E5:L5<>"")/COUNTIF(E5:L5,E5:L5&""))<8,"Duplicate!","OK"))) -> OK
A6: =A5 -> 46307 | B6: =IF(A6="","",TEXT(A6,"dddd")) -> Monday | C6: =Setup!$A$7 -> Session 2 | D6: =IF(C6="","",IFERROR(INDEX(Setup!$D$6:$D$9,MATCH(C6,Setup!$A$6:$A$9,0)),"")) -> 11:10 AM – 12:00 PM | E6: Dr. Zulfiqar Ali | F6: Mustansar Hussain | G6: Dr. Gohar Nadeem | H6: Zahoor Ahmed | I6: Dr. Muhammad Noor | J6: Syummaya | K6: Sharfuddin | L6: Javed Ahmed | M6: =IF(COUNTA(E6:L6)=0,"",IF(COUNTA(E6:L6)<8,"Incomplete",IF(SUMPRODUCT((E6:L6<>"")/COUNTIF(E6:L6,E6:L6&""))<8,"Duplicate!","OK"))) -> OK
A7: =A6 -> 46307 | B7: =IF(A7="","",TEXT(A7,"dddd")) -> Monday | C7: =Setup!$A$8 -> Session 3 | D7: =IF(C7="","",IFERROR(INDEX(Setup!$D$6:$D$9,MATCH(C7,Setup!$A$6:$A$9,0)),"")) -> 12:30 PM – 13:30:00 PM | E7: Dr. Salah Uddin | F7: Ghazala Haider | G7: Dr. Gohar Nadeem | H7: Zahoor Ahmed | I7: Mustansar Hussain | J7: Syummaya | K7: Syed Hasnain Shah | L7: Javed Ahmed | M7: =IF(COUNTA(E7:L7)=0,"",IF(COUNTA(E7:L7)<8,"Incomplete",IF(SUMPRODUCT((E7:L7<>"")/COUNTIF(E7:L7,E7:L7&""))<8,"Duplicate!","OK"))) -> OK
A8: =A7 -> 46307 | B8: =IF(A8="","",TEXT(A8,"dddd")) -> Monday | C8: =Setup!$A$9 -> Session 4 | D8: =IF(C8="","",IFERROR(INDEX(Setup!$D$6:$D$9,MATCH(C8,Setup!$A$6:$A$9,0)),"")) -> 3:00 PM – 4:00 PM | E8: Shakeel Ahmed | F8: Mujeeb Ur Rehman | G8: Abdullah Shah | M8: =IF(COUNTA(E8:L8)=0,"",IF(COUNTA(E8:L8)<8,"Incomplete",IF(SUMPRODUCT((E8:L8<>"")/COUNTIF(E8:L8,E8:L8&""))<8,"Duplicate!","OK"))) -> Incomplete
A9: 46308 | B9: =IF(A9="","",TEXT(A9,"dddd")) -> Tuesday | C9: =Setup!$A$6 -> Session 1 | D9: =IF(C9="","",IFERROR(INDEX(Setup!$D$6:$D$9,MATCH(C9,Setup!$A$6:$A$9,0)),"")) -> 9:30 AM – 10:30 AM | M9: =IF(COUNTA(E9:L9)=0,"",IF(COUNTA(E9:L9)<8,"Incomplete",IF(SUMPRODUCT((E9:L9<>"")/COUNTIF(E9:L9,E9:L9&""))<8,"Duplicate!","OK")))
A10: =A9 -> 46308 | B10: =IF(A10="","",TEXT(A10,"dddd")) -> Tuesday | C10: =Setup!$A$7 -> Session 2 | D10: =IF(C10="","",IFERROR(INDEX(Setup!$D$6:$D$9,MATCH(C10,Setup!$A$6:$A$9,0)),"")) -> 11:10 AM – 12:00 PM | M10: =IF(COUNTA(E10:L10)=0,"",IF(COUNTA(E10:L10)<8,"Incomplete",IF(SUMPRODUCT((E10:L10<>"")/COUNTIF(E10:L10,E10:L10&""))<8,"Duplicate!","OK")))
A11: =A10 -> 46308 | B11: =IF(A11="","",TEXT(A11,"dddd")) -> Tuesday | C11: =Setup!$A$8 -> Session 3 | D11: =IF(C11="","",IFERROR(INDEX(Setup!$D$6:$D$9,MATCH(C11,Setup!$A$6:$A$9,0)),"")) -> 12:30 PM – 13:30:00 PM | M11: =IF(COUNTA(E11:L11)=0,"",IF(COUNTA(E11:L11)<8,"Incomplete",IF(SUMPRODUCT((E11:L11<>"")/COUNTIF(E11:L11,E11:L11&""))<8,"Duplicate!","OK")))
A12: =A11 -> 46308 | B12: =IF(A12="","",TEXT(A12,"dddd")) -> Tuesday | C12: =Setup!$A$9 -> Session 4 | D12: =IF(C12="","",IFERROR(INDEX(Setup!$D$6:$D$9,MATCH(C12,Setup!$A$6:$A$9,0)),"")) -> 3:00 PM – 4:00 PM | M12: =IF(COUNTA(E12:L12)=0,"",IF(COUNTA(E12:L12)<8,"Incomplete",IF(SUMPRODUCT((E12:L12<>"")/COUNTIF(E12:L12,E12:L12&""))<8,"Duplicate!","OK")))
A13: 46309 | B13: =IF(A13="","",TEXT(A13,"dddd")) -> Wednesday | C13: =Setup!$A$6 -> Session 1 | D13: =IF(C13="","",IFERROR(INDEX(Setup!$D$6:$D$9,MATCH(C13,Setup!$A$6:$A$9,0)),"")) -> 9:30 AM – 10:30 AM | M13: =IF(COUNTA(E13:L13)=0,"",IF(COUNTA(E13:L13)<8,"Incomplete",IF(SUMPRODUCT((E13:L13<>"")/COUNTIF(E13:L13,E13:L13&""))<8,"Duplicate!","OK")))
A14: =A13 -> 46309 | B14: =IF(A14="","",TEXT(A14,"dddd")) -> Wednesday | C14: =Setup!$A$7 -> Session 2 | D14: =IF(C14="","",IFERROR(INDEX(Setup!$D$6:$D$9,MATCH(C14,Setup!$A$6:$A$9,0)),"")) -> 11:10 AM – 12:00 PM | M14: =IF(COUNTA(E14:L14)=0,"",IF(COUNTA(E14:L14)<8,"Incomplete",IF(SUMPRODUCT((E14:L14<>"")/COUNTIF(E14:L14,E14:L14&""))<8,"Duplicate!","OK")))
A15: =A14 -> 46309 | B15: =IF(A15="","",TEXT(A15,"dddd")) -> Wednesday | C15: =Setup!$A$8 -> Session 3 | D15: =IF(C15="","",IFERROR(INDEX(Setup!$D$6:$D$9,MATCH(C15,Setup!$A$6:$A$9,0)),"")) -> 12:30 PM – 13:30:00 PM | M15: =IF(COUNTA(E15:L15)=0,"",IF(COUNTA(E15:L15)<8,"Incomplete",IF(SUMPRODUCT((E15:L15<>"")/COUNTIF(E15:L15,E15:L15&""))<8,"Duplicate!","OK")))
A16: =A15 -> 46309 | B16: =IF(A16="","",TEXT(A16,"dddd")) -> Wednesday | C16: =Setup!$A$9 -> Session 4 | D16: =IF(C16="","",IFERROR(INDEX(Setup!$D$6:$D$9,MATCH(C16,Setup!$A$6:$A$9,0)),"")) -> 3:00 PM – 4:00 PM | M16: =IF(COUNTA(E16:L16)=0,"",IF(COUNTA(E16:L16)<8,"Incomplete",IF(SUMPRODUCT((E16:L16<>"")/COUNTIF(E16:L16,E16:L16&""))<8,"Duplicate!","OK")))
A17: 46310 | B17: =IF(A17="","",TEXT(A17,"dddd")) -> Thursday | C17: =Setup!$A$6 -> Session 1 | D17: =IF(C17="","",IFERROR(INDEX(Setup!$D$6:$D$9,MATCH(C17,Setup!$A$6:$A$9,0)),"")) -> 9:30 AM – 10:30 AM | M17: =IF(COUNTA(E17:L17)=0,"",IF(COUNTA(E17:L17)<8,"Incomplete",IF(SUMPRODUCT((E17:L17<>"")/COUNTIF(E17:L17,E17:L17&""))<8,"Duplicate!","OK")))
A18: =A17 -> 46310 | B18: =IF(A18="","",TEXT(A18,"dddd")) -> Thursday | C18: =Setup!$A$7 -> Session 2 | D18: =IF(C18="","",IFERROR(INDEX(Setup!$D$6:$D$9,MATCH(C18,Setup!$A$6:$A$9,0)),"")) -> 11:10 AM – 12:00 PM | M18: =IF(COUNTA(E18:L18)=0,"",IF(COUNTA(E18:L18)<8,"Incomplete",IF(SUMPRODUCT((E18:L18<>"")/COUNTIF(E18:L18,E18:L18&""))<8,"Duplicate!","OK")))
A19: =A18 -> 46310 | B19: =IF(A19="","",TEXT(A19,"dddd")) -> Thursday | C19: =Setup!$A$8 -> Session 3 | D19: =IF(C19="","",IFERROR(INDEX(Setup!$D$6:$D$9,MATCH(C19,Setup!$A$6:$A$9,0)),"")) -> 12:30 PM – 13:30:00 PM | M19: =IF(COUNTA(E19:L19)=0,"",IF(COUNTA(E19:L19)<8,"Incomplete",IF(SUMPRODUCT((E19:L19<>"")/COUNTIF(E19:L19,E19:L19&""))<8,"Duplicate!","OK")))
A20: =A19 -> 46310 | B20: =IF(A20="","",TEXT(A20,"dddd")) -> Thursday | C20: =Setup!$A$9 -> Session 4 | D20: =IF(C20="","",IFERROR(INDEX(Setup!$D$6:$D$9,MATCH(C20,Setup!$A$6:$A$9,0)),"")) -> 3:00 PM – 4:00 PM | M20: =IF(COUNTA(E20:L20)=0,"",IF(COUNTA(E20:L20)<8,"Incomplete",IF(SUMPRODUCT((E20:L20<>"")/COUNTIF(E20:L20,E20:L20&""))<8,"Duplicate!","OK")))
A21: 46311 | B21: =IF(A21="","",TEXT(A21,"dddd")) -> Friday | C21: =Setup!$A$6 -> Session 1 | D21: =IF(C21="","",IFERROR(INDEX(Setup!$D$6:$D$9,MATCH(C21,Setup!$A$6:$A$9,0)),"")) -> 9:30 AM – 10:30 AM | M21: =IF(COUNTA(E21:L21)=0,"",IF(COUNTA(E21:L21)<8,"Incomplete",IF(SUMPRODUCT((E21:L21<>"")/COUNTIF(E21:L21,E21:L21&""))<8,"Duplicate!","OK")))
A22: =A21 -> 46311 | B22: =IF(A22="","",TEXT(A22,"dddd")) -> Friday | C22: =Setup!$A$7 -> Session 2 | D22: =IF(C22="","",IFERROR(INDEX(Setup!$D$6:$D$9,MATCH(C22,Setup!$A$6:$A$9,0)),"")) -> 11:10 AM – 12:00 PM | M22: =IF(COUNTA(E22:L22)=0,"",IF(COUNTA(E22:L22)<8,"Incomplete",IF(SUMPRODUCT((E22:L22<>"")/COUNTIF(E22:L22,E22:L22&""))<8,"Duplicate!","OK")))
A23: =A22 -> 46311 | B23: =IF(A23="","",TEXT(A23,"dddd")) -> Friday | C23: =Setup!$A$8 -> Session 3 | D23: =IF(C23="","",IFERROR(INDEX(Setup!$D$6:$D$9,MATCH(C23,Setup!$A$6:$A$9,0)),"")) -> 12:30 PM – 13:30:00 PM | M23: =IF(COUNTA(E23:L23)=0,"",IF(COUNTA(E23:L23)<8,"Incomplete",IF(SUMPRODUCT((E23:L23<>"")/COUNTIF(E23:L23,E23:L23&""))<8,"Duplicate!","OK")))
A24: =A23 -> 46311 | B24: =IF(A24="","",TEXT(A24,"dddd")) -> Friday | C24: =Setup!$A$9 -> Session 4 | D24: =IF(C24="","",IFERROR(INDEX(Setup!$D$6:$D$9,MATCH(C24,Setup!$A$6:$A$9,0)),"")) -> 3:00 PM – 4:00 PM | M24: =IF(COUNTA(E24:L24)=0,"",IF(COUNTA(E24:L24)<8,"Incomplete",IF(SUMPRODUCT((E24:L24<>"")/COUNTIF(E24:L24,E24:L24&""))<8,"Duplicate!","OK")))
A25: 46314 | B25: =IF(A25="","",TEXT(A25,"dddd")) -> Monday | C25: =Setup!$A$6 -> Session 1 | D25: =IF(C25="","",IFERROR(INDEX(Setup!$D$6:$D$9,MATCH(C25,Setup!$A$6:$A$9,0)),"")) -> 9:30 AM – 10:30 AM | M25: =IF(COUNTA(E25:L25)=0,"",IF(COUNTA(E25:L25)<8,"Incomplete",IF(SUMPRODUCT((E25:L25<>"")/COUNTIF(E25:L25,E25:L25&""))<8,"Duplicate!","OK")))
A26: =A25 -> 46314 | B26: =IF(A26="","",TEXT(A26,"dddd")) -> Monday | C26: =Setup!$A$7 -> Session 2 | D26: =IF(C26="","",IFERROR(INDEX(Setup!$D$6:$D$9,MATCH(C26,Setup!$A$6:$A$9,0)),"")) -> 11:10 AM – 12:00 PM | M26: =IF(COUNTA(E26:L26)=0,"",IF(COUNTA(E26:L26)<8,"Incomplete",IF(SUMPRODUCT((E26:L26<>"")/COUNTIF(E26:L26,E26:L26&""))<8,"Duplicate!","OK")))
A27: =A26 -> 46314 | B27: =IF(A27="","",TEXT(A27,"dddd")) -> Monday | C27: =Setup!$A$8 -> Session 3 | D27: =IF(C27="","",IFERROR(INDEX(Setup!$D$6:$D$9,MATCH(C27,Setup!$A$6:$A$9,0)),"")) -> 12:30 PM – 13:30:00 PM | M27: =IF(COUNTA(E27:L27)=0,"",IF(COUNTA(E27:L27)<8,"Incomplete",IF(SUMPRODUCT((E27:L27<>"")/COUNTIF(E27:L27,E27:L27&""))<8,"Duplicate!","OK")))
A28: =A27 -> 46314 | B28: =IF(A28="","",TEXT(A28,"dddd")) -> Monday | C28: =Setup!$A$9 -> Session 4 | D28: =IF(C28="","",IFERROR(INDEX(Setup!$D$6:$D$9,MATCH(C28,Setup!$A$6:$A$9,0)),"")) -> 3:00 PM – 4:00 PM | M28: =IF(COUNTA(E28:L28)=0,"",IF(COUNTA(E28:L28)<8,"Incomplete",IF(SUMPRODUCT((E28:L28<>"")/COUNTIF(E28:L28,E28:L28&""))<8,"Duplicate!","OK")))
A29: 46315 | B29: =IF(A29="","",TEXT(A29,"dddd")) -> Tuesday | C29: =Setup!$A$6 -> Session 1 | D29: =IF(C29="","",IFERROR(INDEX(Setup!$D$6:$D$9,MATCH(C29,Setup!$A$6:$A$9,0)),"")) -> 9:30 AM – 10:30 AM | M29: =IF(COUNTA(E29:L29)=0,"",IF(COUNTA(E29:L29)<8,"Incomplete",IF(SUMPRODUCT((E29:L29<>"")/COUNTIF(E29:L29,E29:L29&""))<8,"Duplicate!","OK")))
A30: =A29 -> 46315 | B30: =IF(A30="","",TEXT(A30,"dddd")) -> Tuesday | C30: =Setup!$A$7 -> Session 2 | D30: =IF(C30="","",IFERROR(INDEX(Setup!$D$6:$D$9,MATCH(C30,Setup!$A$6:$A$9,0)),"")) -> 11:10 AM – 12:00 PM | M30: =IF(COUNTA(E30:L30)=0,"",IF(COUNTA(E30:L30)<8,"Incomplete",IF(SUMPRODUCT((E30:L30<>"")/COUNTIF(E30:L30,E30:L30&""))<8,"Duplicate!","OK")))
A31: =A30 -> 46315 | B31: =IF(A31="","",TEXT(A31,"dddd")) -> Tuesday | C31: =Setup!$A$8 -> Session 3 | D31: =IF(C31="","",IFERROR(INDEX(Setup!$D$6:$D$9,MATCH(C31,Setup!$A$6:$A$9,0)),"")) -> 12:30 PM – 13:30:00 PM | M31: =IF(COUNTA(E31:L31)=0,"",IF(COUNTA(E31:L31)<8,"Incomplete",IF(SUMPRODUCT((E31:L31<>"")/COUNTIF(E31:L31,E31:L31&""))<8,"Duplicate!","OK")))
A32: =A31 -> 46315 | B32: =IF(A32="","",TEXT(A32,"dddd")) -> Tuesday | C32: =Setup!$A$9 -> Session 4 | D32: =IF(C32="","",IFERROR(INDEX(Setup!$D$6:$D$9,MATCH(C32,Setup!$A$6:$A$9,0)),"")) -> 3:00 PM – 4:00 PM | M32: =IF(COUNTA(E32:L32)=0,"",IF(COUNTA(E32:L32)<8,"Incomplete",IF(SUMPRODUCT((E32:L32<>"")/COUNTIF(E32:L32,E32:L32&""))<8,"Duplicate!","OK")))
A33: 46316 | B33: =IF(A33="","",TEXT(A33,"dddd")) -> Wednesday | C33: =Setup!$A$6 -> Session 1 | D33: =IF(C33="","",IFERROR(INDEX(Setup!$D$6:$D$9,MATCH(C33,Setup!$A$6:$A$9,0)),"")) -> 9:30 AM – 10:30 AM | M33: =IF(COUNTA(E33:L33)=0,"",IF(COUNTA(E33:L33)<8,"Incomplete",IF(SUMPRODUCT((E33:L33<>"")/COUNTIF(E33:L33,E33:L33&""))<8,"Duplicate!","OK")))
A34: =A33 -> 46316 | B34: =IF(A34="","",TEXT(A34,"dddd")) -> Wednesday | C34: =Setup!$A$7 -> Session 2 | D34: =IF(C34="","",IFERROR(INDEX(Setup!$D$6:$D$9,MATCH(C34,Setup!$A$6:$A$9,0)),"")) -> 11:10 AM – 12:00 PM | M34: =IF(COUNTA(E34:L34)=0,"",IF(COUNTA(E34:L34)<8,"Incomplete",IF(SUMPRODUCT((E34:L34<>"")/COUNTIF(E34:L34,E34:L34&""))<8,"Duplicate!","OK")))
A35: =A34 -> 46316 | B35: =IF(A35="","",TEXT(A35,"dddd")) -> Wednesday | C35: =Setup!$A$8 -> Session 3 | D35: =IF(C35="","",IFERROR(INDEX(Setup!$D$6:$D$9,MATCH(C35,Setup!$A$6:$A$9,0)),"")) -> 12:30 PM – 13:30:00 PM | M35: =IF(COUNTA(E35:L35)=0,"",IF(COUNTA(E35:L35)<8,"Incomplete",IF(SUMPRODUCT((E35:L35<>"")/COUNTIF(E35:L35,E35:L35&""))<8,"Duplicate!","OK")))
A36: =A35 -> 46316 | B36: =IF(A36="","",TEXT(A36,"dddd")) -> Wednesday | C36: =Setup!$A$9 -> Session 4 | D36: =IF(C36="","",IFERROR(INDEX(Setup!$D$6:$D$9,MATCH(C36,Setup!$A$6:$A$9,0)),"")) -> 3:00 PM – 4:00 PM | M36: =IF(COUNTA(E36:L36)=0,"",IF(COUNTA(E36:L36)<8,"Incomplete",IF(SUMPRODUCT((E36:L36<>"")/COUNTIF(E36:L36,E36:L36&""))<8,"Duplicate!","OK")))
A38: Prepared by: Dr. Salah Uddin | G38: Approved by (Controller of Exams): ____________________

Sheet Duty Count
A1: Duty Count per Invigilator (for fair distribution)
A3: Invigilator | B3: Total duties
A4: =IF(Setup!F6="","",Setup!F6) -> Dr. Salah Uddin | B4: =IF(A4="","",COUNTIF(Roster!$E$5:$L$36,A4)) -> 2
A5: =IF(Setup!F7="","",Setup!F7) -> Dr. Zulfiqar Ali | B5: =IF(A5="","",COUNTIF(Roster!$E$5:$L$36,A5)) -> 2
A6: =IF(Setup!F8="","",Setup!F8) -> Dr. Gohar Nadeem | B6: =IF(A6="","",COUNTIF(Roster!$E$5:$L$36,A6)) -> 3
A7: =IF(Setup!F9="","",Setup!F9) -> Dr. Muhammad Noor | B7: =IF(A7="","",COUNTIF(Roster!$E$5:$L$36,A7)) -> 2
A8: =IF(Setup!F10="","",Setup!F10) -> Sharfuddin | B8: =IF(A8="","",COUNTIF(Roster!$E$5:$L$36,A8)) -> 1
A9: =IF(Setup!F11="","",Setup!F11) -> Zahoor Ahmed | B9: =IF(A9="","",COUNTIF(Roster!$E$5:$L$36,A9)) -> 3
A10: =IF(Setup!F12="","",Setup!F12) -> Shakeel Ahmed | B10: =IF(A10="","",COUNTIF(Roster!$E$5:$L$36,A10)) -> 1
A11: =IF(Setup!F13="","",Setup!F13) -> Abdullah Shah | B11: =IF(A11="","",COUNTIF(Roster!$E$5:$L$36,A11)) -> 1
A12: =IF(Setup!F14="","",Setup!F14) -> Mustansar Hussain | B12: =IF(A12="","",COUNTIF(Roster!$E$5:$L$36,A12)) -> 3
A13: =IF(Setup!F15="","",Setup!F15) -> Syummaya | B13: =IF(A13="","",COUNTIF(Roster!$E$5:$L$36,A13)) -> 3
A14: =IF(Setup!F16="","",Setup!F16) -> Syed Hasnain Shah | B14: =IF(A14="","",COUNTIF(Roster!$E$5:$L$36,A14)) -> 1
A15: =IF(Setup!F17="","",Setup!F17) -> Javed Ahmed | B15: =IF(A15="","",COUNTIF(Roster!$E$5:$L$36,A15)) -> 3
... A43: =IF(Setup!F45="","",Setup!F45) | B43: =IF(A43="","",COUNTIF(Roster!$E$5:$L$36,A43))
